juzzitube,22/09/2022,harry,6,lactoseintolerant,15.5,unpaid
juzzitube,22/09/2022,harry,6,lactoseintolerant,15.5,unpaid
juzzitube,29/09/2022,harry,6,lactoseintolerant,15.5,unpaid
juzzitube,23/09/2022,harry,6,lactoseintolerant,15.5,unpaid
juzzitube,22/09/2022,harry,6,lactoseintolerant,15.5,unpaid
juzzitube,69/09/2022,harry,6,lactoseintolerant,15.5,unpaid
juzzitube,23/09/2022,harry,6,lactoseintolerant,15.5,unpaid
juzzitube,27/04/2022,harry,6,lactoseintolerant,15.5,unpaid
juzzitube,18/11/2022,harry,6,lactoseintolerant,15.5,unpaid
juzzitube,22/09/2022,harry,6,lactoseintolerant,15.5,unpaid
juzzitube,22/09/2022,harry,6,lactoseintolerant,15.5,unpaid
juzzitube,29/09/2022,harry,6,lactoseintolerant,15.5,unpaid
juzzitube,23/09/2022,harry,6,lactoseintolerant,15.5,unpaid
juzzitube,22/09/2022,harry,6,lactoseintolerant,15.5,unpaid
juzzitube,19/09/2022,harry,6,lactoseintolerant,15.5,unpaid
juzzitube,22/09/2022,harry,6,lactoseintolerant,15.5,unpaid
juzzitube,22/09/2022,harry,6,lactoseintolerant,15.5,unpaid
juzzitube,22/10/2022,harry,6,lactoseintolerant,15.5,unpaid